{"0":0.182993418471943,"1":0.12915852701042,"2":0.13982356897968,"3":0.127885348818462,"4":0.12251313548119,"5":0.128697178528387,"6":0.168928822709919}