{"0":0.182993418,"1":0.129158527,"2":0.139823569,"3":0.127885349,"4":0.122513135,"5":0.128697179,"6":0.168928823}